"new_id","structure_category","fatal_score","pop_score","fishing_score","rec_score","hazard_score","ph_tot_score"
156,"Diversion Dam",12,0.078252957233849,0,1,4,17.0782529572339
784,"Grade Control Structure",9,0.957233848953594,0,1,4,14.9572338489536
160,"Diversion Dam",6,0.723384895359418,0,0,4,10.7233848953594
18,"Diversion Dam",6,0.373976342129208,0,0,4,10.3739763421292
442,"Diversion Dam",3,0.719745222929936,1,0,4,8.71974522292994
893,"Grade Control Structure",6,0.150136487716106,0,1,1,8.15013648771611
58,"Diversion Dam",3,0.749772520473157,0,0,4,7.74977252047316
119,"Diversion Dam",0,0.882620564149227,1,1,4,6.88262056414923
349,"Diversion Dam",0,0.573248407643312,1,1,4,6.57324840764331
239,"Diversion Dam",0,0.202911737943585,1,1,4,6.20291173794359
354,"Diversion Dam",0,0.0245677888989991,1,1,4,6.024567788899
144,"Diversion Dam",0,0.923566878980892,0,1,4,5.92356687898089
145,"Diversion Dam",0,0.922656960873521,0,1,4,5.92265696087352
146,"Diversion Dam",0,0.909918107370337,0,1,4,5.90991810737034
791,"Grade Control Structure",0,0.905368516833485,1,0,4,5.90536851683349
792,"Grade Control Structure",0,0.904458598726115,1,0,4,5.90445859872611
34,"Diversion Dam",0,0.903548680618744,0,1,4,5.90354868061874
89,"Diversion Dam",0,0.880800727934486,0,1,4,5.88080072793449
88,"Diversion Dam",0,0.874431301182893,0,1,4,5.87443130118289
810,"Grade Control Structure",0,0.872611464968153,0,1,4,5.87261146496815
844,"Grade Control Structure",0,0.871701546860782,0,1,4,5.87170154686078
845,"Grade Control Structure",0,0.866242038216561,0,1,4,5.86624203821656
846,"Grade Control Structure",0,0.86533212010919,0,1,4,5.86533212010919
122,"Diversion Dam",0,0.855323020928116,0,1,4,5.85532302092812
101,"Diversion Dam",0,0.845313921747043,0,1,4,5.84531392174704
102,"Diversion Dam",0,0.842584167424932,0,1,4,5.84258416742493
106,"Diversion Dam",0,0.840764331210191,0,1,4,5.84076433121019
105,"Diversion Dam",0,0.816196542311192,0,1,4,5.81619654231119
832,"Grade Control Structure",0,0.814376706096451,0,1,4,5.81437670609645
833,"Grade Control Structure",0,0.813466787989081,0,1,4,5.81346678798908
793,"Grade Control Structure",0,0.793448589626934,0,1,4,5.79344858962693
77,"Diversion Dam",0,0.773430391264786,0,1,4,5.77343039126479
78,"Diversion Dam",0,0.772520473157416,0,1,4,5.77252047315742
879,"Grade Control Structure",0,0.770700636942675,1,0,4,5.77070063694268
61,"Diversion Dam",0,0.743403093721565,0,1,4,5.74340309372156
62,"Diversion Dam",0,0.742493175614195,0,1,4,5.74249317561419
63,"Diversion Dam",0,0.741583257506824,0,1,4,5.74158325750682
64,"Diversion Dam",0,0.737033666969973,0,1,4,5.73703366696997
42,"Diversion Dam",0,0.736123748862602,0,1,4,5.7361237488626
897,"Grade Control Structure",0,0.73066424021838,1,0,4,5.73066424021838
895,"Grade Control Structure",0,0.727934485896269,1,0,4,5.72793448589627
159,"Diversion Dam",0,0.725204731574158,1,0,4,5.72520473157416
427,"Diversion Dam",0,0.616924476797088,0,1,4,5.61692447679709
975,"Grade Control Structure",0,0.616014558689718,0,1,4,5.61601455868972
424,"Diversion Dam",0,0.595996360327571,0,1,4,5.59599636032757
429,"Diversion Dam",0,0.587807097361237,0,1,4,5.58780709736124
532,"Diversion Dam",0,0.56869881710646,0,1,4,5.56869881710646
431,"Diversion Dam",0,0.562329390354868,0,1,4,5.56232939035487
436,"Diversion Dam",0,0.54140127388535,0,1,4,5.54140127388535
438,"Diversion Dam",0,0.538671519563239,0,1,4,5.53867151956324
713,"Diversion Dam",0,0.509554140127389,0,1,4,5.50955414012739
712,"Diversion Dam",0,0.507734303912648,0,1,4,5.50773430391265
385,"Diversion Dam",0,0.494995450409463,0,1,4,5.49499545040946
751,"Diversion Dam",0,0.491355777979982,0,1,4,5.49135577797998
400,"Diversion Dam",0,0.484986351228389,0,1,4,5.48498635122839
425,"Diversion Dam",0,0.449499545040946,0,1,4,5.44949954504095
426,"Diversion Dam",0,0.436760691537762,0,1,4,5.43676069153776
254,"Diversion Dam",0,0.428571428571429,0,1,4,5.42857142857143
255,"Diversion Dam",0,0.425841674249318,0,1,4,5.42584167424932
43,"Diversion Dam",0,0.408553230209281,1,0,4,5.40855323020928
971,"Grade Control Structure",0,0.32393084622384,0,1,4,5.32393084622384
611,"Diversion Dam",0,0.316651501364877,0,1,4,5.31665150136488
421,"Diversion Dam",0,0.262966333030027,0,1,4,5.26296633303003
240,"Diversion Dam",0,0.24203821656051,1,0,4,5.24203821656051
372,"Diversion Dam",0,0.212010919017288,0,1,4,5.21201091901729
416,"Diversion Dam",0,0.154686078252957,0,1,4,5.15468607825296
218,"Diversion Dam",0,0.149226569608735,0,1,4,5.14922656960874
663,"Diversion Dam",0,0.140127388535032,0,1,4,5.14012738853503
219,"Diversion Dam",0,0.125568698817106,0,1,4,5.12556869881711
666,"Diversion Dam",0,0.123748862602366,0,1,4,5.12374886260237
220,"Diversion Dam",0,0.116469517743403,0,1,4,5.1164695177434
777,"Grade Control Structure",0,0.986351228389445,0,0,4,4.98635122838945
39,"Diversion Dam",0,0.985441310282075,0,0,4,4.98544131028207
862,"Grade Control Structure",0,0.979071883530482,0,0,4,4.97907188353048
128,"Diversion Dam",0,0.977252047315742,0,0,4,4.97725204731574
127,"Diversion Dam",0,0.975432211101001,0,0,4,4.975432211101
779,"Grade Control Structure",0,0.974522292993631,0,0,4,4.97452229299363
129,"Diversion Dam",0,0.969972702456779,0,0,4,4.96997270245678
781,"Grade Control Structure",0,0.967242948134668,0,0,4,4.96724294813467
761,"Grade Control Structure",0,0.966333030027298,0,0,4,4.9663330300273
881,"Grade Control Structure",0,0.962693357597816,0,0,4,4.96269335759782
882,"Grade Control Structure",0,0.958143767060964,0,0,4,4.95814376706096
3,"Diversion Dam",0,0.955414012738854,0,0,4,4.95541401273885
37,"Diversion Dam",0,0.952684258416743,0,0,4,4.95268425841674
36,"Diversion Dam",0,0.949954504094631,0,0,4,4.94995450409463
867,"Grade Control Structure",0,0.94722474977252,0,0,4,4.94722474977252
131,"Diversion Dam",0,0.94631483166515,0,0,4,4.94631483166515
132,"Diversion Dam",0,0.94540491355778,0,0,4,4.94540491355778
133,"Diversion Dam",0,0.943585077343039,0,0,4,4.94358507734304
134,"Diversion Dam",0,0.942675159235669,0,0,4,4.94267515923567
135,"Diversion Dam",0,0.941765241128298,0,0,4,4.9417652411283
868,"Grade Control Structure",0,0.940855323020928,0,0,4,4.94085532302093
869,"Grade Control Structure",0,0.939945404913558,0,0,4,4.93994540491356
148,"Diversion Dam",0,0.939035486806187,0,0,4,4.93903548680619
136,"Diversion Dam",0,0.938125568698817,0,0,4,4.93812556869882
137,"Diversion Dam",0,0.937215650591447,0,0,4,4.93721565059145
790,"Grade Control Structure",0,0.936305732484076,0,0,4,4.93630573248408
872,"Grade Control Structure",0,0.930846223839854,0,0,4,4.93084622383985
873,"Grade Control Structure",0,0.929936305732484,0,0,4,4.92993630573248
874,"Grade Control Structure",0,0.929026387625114,0,0,4,4.92902638762511
139,"Diversion Dam",0,0.928116469517743,0,0,4,4.92811646951774
140,"Diversion Dam",0,0.927206551410373,0,0,4,4.92720655141037
141,"Diversion Dam",0,0.926296633303003,0,0,4,4.926296633303
142,"Diversion Dam",0,0.925386715195632,0,0,4,4.92538671519563
143,"Diversion Dam",0,0.924476797088262,0,0,4,4.92447679708826
149,"Diversion Dam",0,0.920837124658781,0,0,4,4.92083712465878
885,"Grade Control Structure",0,0.91901728844404,0,0,4,4.91901728844404
886,"Grade Control Structure",0,0.917197452229299,0,0,4,4.9171974522293
887,"Grade Control Structure",0,0.916287534121929,0,0,4,4.91628753412193
150,"Diversion Dam",0,0.915377616014559,0,0,4,4.91537761601456
35,"Diversion Dam",0,0.911737943585077,0,0,4,4.91173794358508
151,"Diversion Dam",0,0.909008189262966,0,0,4,4.90900818926297
40,"Diversion Dam",0,0.907188353048226,0,0,4,4.90718835304823
41,"Diversion Dam",0,0.906278434940855,0,0,4,4.90627843494086
113,"Diversion Dam",0,0.902638762511374,0,0,4,4.90263876251137
835,"Grade Control Structure",0,0.900818926296633,0,0,4,4.90081892629663
114,"Diversion Dam",0,0.898999090081893,0,0,4,4.89899909008189
115,"Diversion Dam",0,0.896269335759782,0,0,4,4.89626933575978
110,"Diversion Dam",0,0.895359417652411,0,0,4,4.89535941765241
843,"Grade Control Structure",0,0.886260236578708,0,0,4,4.88626023657871
33,"Diversion Dam",0,0.885350318471338,0,0,4,4.88535031847134
109,"Diversion Dam",0,0.884440400363967,0,0,4,4.88444040036397
2,"Diversion Dam",0,0.877161055505005,0,0,4,4.877161055505
31,"Diversion Dam",0,0.86442220200182,0,0,4,4.86442220200182
30,"Diversion Dam",0,0.86351228389445,0,0,4,4.86351228389445
90,"Diversion Dam",0,0.862602365787079,0,0,4,4.86260236578708
816,"Grade Control Structure",0,0.858962693357598,0,0,4,4.8589626933576
29,"Diversion Dam",0,0.858052775250227,0,0,4,4.85805277525023
94,"Diversion Dam",0,0.857142857142857,0,0,4,4.85714285714286
28,"Diversion Dam",0,0.853503184713376,0,0,4,4.85350318471338
87,"Diversion Dam",0,0.850773430391265,0,0,4,4.85077343039127
26,"Diversion Dam",0,0.849863512283894,0,0,4,4.84986351228389
98,"Diversion Dam",0,0.848953594176524,0,0,4,4.84895359417652
817,"Grade Control Structure",0,0.848043676069154,0,0,4,4.84804367606915
100,"Diversion Dam",0,0.846223839854413,0,0,4,4.84622383985441
123,"Diversion Dam",0,0.83803457688808,0,0,4,4.83803457688808
83,"Diversion Dam",0,0.836214740673339,0,0,4,4.83621474067334
848,"Grade Control Structure",0,0.835304822565969,0,0,4,4.83530482256597
84,"Diversion Dam",0,0.834394904458599,0,0,4,4.8343949044586
85,"Diversion Dam",0,0.829845313921747,0,0,4,4.82984531392175
82,"Diversion Dam",0,0.826205641492266,0,0,4,4.82620564149227
81,"Diversion Dam",0,0.820746132848044,0,0,4,4.82074613284804
80,"Diversion Dam",0,0.818926296633303,0,0,4,4.8189262966333
86,"Diversion Dam",0,0.818016378525933,0,0,4,4.81801637852593
104,"Diversion Dam",0,0.817106460418562,0,0,4,4.81710646041856
831,"Grade Control Structure",0,0.815286624203822,0,0,4,4.81528662420382
24,"Diversion Dam",0,0.812556869881711,0,0,4,4.81255686988171
124,"Diversion Dam",0,0.81164695177434,0,0,4,4.81164695177434
79,"Diversion Dam",0,0.81073703366697,0,0,4,4.81073703366697
107,"Diversion Dam",0,0.8098271155596,0,0,4,4.8098271155596
910,"Grade Control Structure",0,0.808917197452229,0,0,4,4.80891719745223
182,"Diversion Dam",0,0.808007279344859,0,0,4,4.80800727934486
181,"Diversion Dam",0,0.807097361237489,0,0,4,4.80709736123749
911,"Grade Control Structure",0,0.806187443130118,0,0,4,4.80618744313012
180,"Diversion Dam",0,0.805277525022748,0,0,4,4.80527752502275
183,"Diversion Dam",0,0.804367606915378,0,0,4,4.80436760691538
179,"Diversion Dam",0,0.803457688808007,0,0,4,4.80345768880801
909,"Grade Control Structure",0,0.802547770700637,0,0,4,4.80254777070064
908,"Grade Control Structure",0,0.801637852593267,0,0,4,4.80163785259327
907,"Grade Control Structure",0,0.800727934485896,0,0,4,4.8007279344859
68,"Diversion Dam",0,0.797998180163785,0,0,4,4.79799818016378
905,"Grade Control Structure",0,0.797088262056415,0,0,4,4.79708826205642
125,"Diversion Dam",0,0.795268425841674,0,0,4,4.79526842584167
126,"Diversion Dam",0,0.794358507734304,0,0,4,4.7943585077343
755,"Grade Control Structure",0,0.791628753412193,0,0,4,4.79162875341219
67,"Diversion Dam",0,0.790718835304823,0,0,4,4.79071883530482
70,"Diversion Dam",0,0.789808917197452,0,0,4,4.78980891719745
806,"Grade Control Structure",0,0.787989080982712,0,0,4,4.78798908098271
69,"Diversion Dam",0,0.786169244767971,0,0,4,4.78616924476797
185,"Diversion Dam",0,0.78434940855323,0,0,4,4.78434940855323
912,"Grade Control Structure",0,0.78343949044586,0,0,4,4.78343949044586
72,"Diversion Dam",0,0.78252957233849,0,0,4,4.78252957233849
902,"Grade Control Structure",0,0.781619654231119,0,0,4,4.78161965423112
901,"Grade Control Structure",0,0.780709736123749,0,0,4,4.78070973612375
147,"Diversion Dam",0,0.777979981801638,0,0,4,4.77797998180164
22,"Diversion Dam",0,0.777070063694268,0,0,4,4.77707006369427
74,"Diversion Dam",0,0.776160145586897,0,0,4,4.7761601455869
75,"Diversion Dam",0,0.775250227479527,0,0,4,4.77525022747953
76,"Diversion Dam",0,0.774340309372156,0,0,4,4.77434030937216
177,"Diversion Dam",0,0.771610555050045,0,0,4,4.77161055505005
46,"Diversion Dam",0,0.769790718835305,0,0,4,4.7697907188353
47,"Diversion Dam",0,0.768880800727935,0,0,4,4.76888080072793
48,"Diversion Dam",0,0.767970882620564,0,0,4,4.76797088262056
45,"Diversion Dam",0,0.767060964513194,0,0,4,4.76706096451319
796,"Grade Control Structure",0,0.766151046405823,0,0,4,4.76615104640582
795,"Grade Control Structure",0,0.765241128298453,0,0,4,4.76524112829845
27,"Diversion Dam",0,0.764331210191083,0,0,4,4.76433121019108
797,"Grade Control Structure",0,0.763421292083712,0,0,4,4.76342129208371
49,"Diversion Dam",0,0.762511373976342,0,0,4,4.76251137397634
44,"Diversion Dam",0,0.760691537761601,0,0,4,4.7606915377616
55,"Diversion Dam",0,0.759781619654231,0,0,4,4.75978161965423
54,"Diversion Dam",0,0.758871701546861,0,0,4,4.75887170154686
803,"Grade Control Structure",0,0.75705186533212,0,0,4,4.75705186533212
56,"Diversion Dam",0,0.755232029117379,0,0,4,4.75523202911738
53,"Diversion Dam",0,0.753412192902639,0,0,4,4.75341219290264
57,"Diversion Dam",0,0.752502274795268,0,0,4,4.75250227479527
50,"Diversion Dam",0,0.748862602365787,0,0,4,4.74886260236579
59,"Diversion Dam",0,0.747952684258417,0,0,4,4.74795268425842
52,"Diversion Dam",0,0.745222929936306,0,0,4,4.74522292993631
60,"Diversion Dam",0,0.744313011828935,0,0,4,4.74431301182894
65,"Diversion Dam",0,0.739763421292084,0,0,4,4.73976342129208
794,"Grade Control Structure",0,0.738853503184713,0,0,4,4.73885350318471
23,"Diversion Dam",0,0.735213830755232,0,0,4,4.73521383075523
343,"Diversion Dam",0,0.721565059144677,0,0,4,4.72156505914468
899,"Grade Control Structure",0,0.720655141037307,0,0,4,4.72065514103731
190,"Diversion Dam",0,0.718835304822566,0,0,4,4.71883530482257
191,"Diversion Dam",0,0.717015468607825,0,0,4,4.71701546860783
443,"Diversion Dam",0,0.716105550500455,0,0,4,4.71610555050045
186,"Diversion Dam",0,0.714285714285714,0,0,4,4.71428571428571
192,"Diversion Dam",0,0.712465878070974,0,0,4,4.71246587807097
189,"Diversion Dam",0,0.710646041856233,0,0,4,4.71064604185623
188,"Diversion Dam",0,0.707916287534122,0,0,4,4.70791628753412
193,"Diversion Dam",0,0.704276615104641,0,0,4,4.70427661510464
402,"Diversion Dam",0,0.696997270245678,0,0,4,4.69699727024568
754,"Grade Control Structure",0,0.688808007279345,0,0,4,4.68880800727934
698,"Diversion Dam",0,0.677888989990901,0,0,4,4.6778889899909
162,"Diversion Dam",0,0.67606915377616,0,0,4,4.67606915377616
700,"Diversion Dam",0,0.672429481346679,0,0,4,4.67242948134668
163,"Diversion Dam",0,0.670609645131938,0,0,4,4.67060964513194
701,"Diversion Dam",0,0.669699727024568,0,0,4,4.66969972702457
401,"Diversion Dam",0,0.668789808917198,0,0,4,4.6687898089172
164,"Diversion Dam",0,0.663330300272975,0,0,4,4.66333030027298
545,"Diversion Dam",0,0.660600545950864,0,0,4,4.66060054595086
702,"Diversion Dam",0,0.631483166515014,0,0,4,4.63148316651501
703,"Diversion Dam",0,0.627843494085532,0,0,4,4.62784349408553
993,"Grade Control Structure",0,0.62147406733394,0,0,4,4.62147406733394
704,"Diversion Dam",0,0.615104640582348,0,0,4,4.61510464058235
705,"Diversion Dam",0,0.613284804367607,0,0,4,4.61328480436761
468,"Diversion Dam",0,0.609645131938126,0,0,4,4.60964513193813
889,"Grade Control Structure",0,0.5950864422202,0,0,4,4.5950864422202
194,"Diversion Dam",0,0.593266606005459,0,0,4,4.59326660600546
500,"Diversion Dam",0,0.580527752502275,0,0,4,4.58052775250227
165,"Diversion Dam",0,0.556869881710646,0,0,4,4.55686988171065
718,"Diversion Dam",0,0.553230209281165,0,0,4,4.55323020928116
544,"Diversion Dam",0,0.551410373066424,0,0,4,4.55141037306642
719,"Diversion Dam",0,0.544131028207461,0,0,4,4.54413102820746
741,"Diversion Dam",0,0.529572338489536,0,0,4,4.52957233848954
726,"Diversion Dam",0,0.457688808007279,0,0,4,4.45768880800728
16,"Diversion Dam",0,0.451319381255687,0,0,4,4.45131938125569
15,"Diversion Dam",0,0.448589626933576,0,0,4,4.44858962693358
251,"Diversion Dam",0,0.445859872611465,0,0,4,4.44585987261147
250,"Diversion Dam",0,0.444949954504095,0,0,4,4.44494995450409
17,"Diversion Dam",0,0.442220200181984,0,0,4,4.44222020018198
252,"Diversion Dam",0,0.440400363967243,0,0,4,4.44040036396724
253,"Diversion Dam",0,0.438580527752502,0,0,4,4.4385805277525
14,"Diversion Dam",0,0.429481346678799,0,0,4,4.4294813466788
298,"Diversion Dam",0,0.419472247497725,0,0,4,4.41947224749773
297,"Diversion Dam",0,0.417652411282985,0,0,4,4.41765241128298
295,"Diversion Dam",0,0.415832575068244,0,0,4,4.41583257506824
270,"Diversion Dam",0,0.407643312101911,0,0,4,4.40764331210191
274,"Diversion Dam",0,0.40582347588717,0,0,4,4.40582347588717
288,"Diversion Dam",0,0.399454049135578,0,0,4,4.39945404913558
258,"Diversion Dam",0,0.395814376706096,0,0,4,4.3958143767061
259,"Diversion Dam",0,0.394904458598726,0,0,4,4.39490445859873
262,"Diversion Dam",0,0.387625113739763,0,0,4,4.38762511373976
271,"Diversion Dam",0,0.385805277525023,0,0,4,4.38580527752502
263,"Diversion Dam",0,0.384895359417652,0,0,4,4.38489535941765
260,"Diversion Dam",0,0.383985441310282,0,0,4,4.38398544131028
272,"Diversion Dam",0,0.383075523202912,0,0,4,4.38307552320291
261,"Diversion Dam",0,0.382165605095541,0,0,4,4.38216560509554
265,"Diversion Dam",0,0.381255686988171,0,0,4,4.38125568698817
914,"Grade Control Structure",0,0.37761601455869,0,0,4,4.37761601455869
166,"Diversion Dam",0,0.370336669699727,0,0,4,4.37033666969973
13,"Diversion Dam",0,0.366696997270246,0,0,4,4.36669699727025
7,"Diversion Dam",0,0.349408553230209,0,0,4,4.34940855323021
330,"Diversion Dam",0,0.346678798908098,0,0,4,4.3466787989081
326,"Diversion Dam",0,0.342129208371247,0,0,4,4.34212920837125
245,"Diversion Dam",0,0.341219290263876,0,0,4,4.34121929026388
12,"Diversion Dam",0,0.339399454049136,0,0,4,4.33939945404914
242,"Diversion Dam",0,0.332120109190173,0,0,4,4.33212010919017
168,"Diversion Dam",0,0.327570518653321,0,0,4,4.32757051865332
169,"Diversion Dam",0,0.32484076433121,0,0,4,4.32484076433121
942,"Grade Control Structure",0,0.320291173794358,0,0,4,4.32029117379436
269,"Diversion Dam",0,0.314831665150136,0,0,4,4.31483166515014
323,"Diversion Dam",0,0.310282074613285,0,0,4,4.31028207461329
341,"Diversion Dam",0,0.304822565969063,0,0,4,4.30482256596906
322,"Diversion Dam",0,0.301182893539581,0,0,4,4.30118289353958
170,"Diversion Dam",0,0.29845313921747,0,0,4,4.29845313921747
565,"Diversion Dam",0,0.2975432211101,0,0,4,4.2975432211101
320,"Diversion Dam",0,0.290263876251137,0,0,4,4.29026387625114
340,"Diversion Dam",0,0.281164695177434,0,0,4,4.28116469517743
154,"Diversion Dam",0,0.279344858962693,0,0,4,4.27934485896269
338,"Diversion Dam",0,0.273885350318471,0,0,4,4.27388535031847
336,"Diversion Dam",0,0.27024567788899,0,0,4,4.27024567788899
315,"Diversion Dam",0,0.266606005459509,0,0,4,4.26660600545951
11,"Diversion Dam",0,0.261146496815287,0,0,4,4.26114649681529
314,"Diversion Dam",0,0.260236578707916,0,0,4,4.26023657870792
644,"Diversion Dam",0,0.258416742493176,0,0,4,4.25841674249318
332,"Diversion Dam",0,0.250227479526843,0,0,4,4.25022747952684
311,"Diversion Dam",0,0.249317561419472,0,0,4,4.24931756141947
642,"Diversion Dam",0,0.248407643312102,0,0,4,4.2484076433121
309,"Diversion Dam",0,0.245677888989991,0,0,4,4.24567788898999
310,"Diversion Dam",0,0.244767970882621,0,0,4,4.24476797088262
227,"Diversion Dam",0,0.236578707916288,0,0,4,4.23657870791629
10,"Diversion Dam",0,0.234758871701547,0,0,4,4.23475887170155
307,"Diversion Dam",0,0.232939035486806,0,0,4,4.23293903548681
308,"Diversion Dam",0,0.232029117379436,0,0,4,4.23202911737944
582,"Diversion Dam",0,0.228389444949955,0,0,4,4.22838944494995
9,"Diversion Dam",0,0.223839854413103,0,0,4,4.2238398544131
225,"Diversion Dam",0,0.221110100090992,0,0,4,4.22111010009099
226,"Diversion Dam",0,0.220200181983621,0,0,4,4.22020018198362
649,"Diversion Dam",0,0.219290263876251,0,0,4,4.21929026387625
304,"Diversion Dam",0,0.21565059144677,0,0,4,4.21565059144677
923,"Grade Control Structure",0,0.203821656050955,0,0,4,4.20382165605096
217,"Diversion Dam",0,0.201091901728844,0,0,4,4.20109190172884
924,"Grade Control Structure",0,0.199272065514104,0,0,4,4.1992720655141
196,"Diversion Dam",0,0.194722474977252,0,0,4,4.19472247497725
301,"Diversion Dam",0,0.193812556869882,0,0,4,4.19381255686988
224,"Diversion Dam",0,0.1901728844404,0,0,4,4.1901728844404
637,"Diversion Dam",0,0.18926296633303,0,0,4,4.18926296633303
20,"Diversion Dam",0,0.178343949044586,0,0,4,4.17834394904459
223,"Diversion Dam",0,0.177434030937216,0,0,4,4.17743403093722
19,"Diversion Dam",0,0.171974522292994,0,0,4,4.17197452229299
167,"Diversion Dam",0,0.171064604185623,0,0,4,4.17106460418562
216,"Diversion Dam",0,0.168334849863512,0,0,4,4.16833484986351
222,"Diversion Dam",0,0.167424931756142,0,0,4,4.16742493175614
935,"Grade Control Structure",0,0.166515013648772,0,0,4,4.16651501364877
228,"Diversion Dam",0,0.163785259326661,0,0,4,4.16378525932666
927,"Grade Control Structure",0,0.16287534121929,0,0,4,4.16287534121929
628,"Diversion Dam",0,0.156505914467698,0,0,4,4.1565059144677
8,"Diversion Dam",0,0.155595996360328,0,0,4,4.15559599636033
929,"Grade Control Structure",0,0.147406733393995,0,0,4,4.14740673339399
931,"Grade Control Structure",0,0.145586897179254,0,0,4,4.14558689717925
932,"Grade Control Structure",0,0.143767060964513,0,0,4,4.14376706096451
900,"Grade Control Structure",0,0.133757961783439,0,0,4,4.13375796178344
4,"Diversion Dam",0,0.0909918107370337,0,0,4,4.09099181073703
6,"Diversion Dam",0,0.086442220200182,0,0,4,4.08644222020018
172,"Diversion Dam",0,0.0846223839854413,0,0,4,4.08462238398544
199,"Diversion Dam",0,0.0800727934485896,0,0,4,4.08007279344859
173,"Diversion Dam",0,0.0791628753412192,0,0,4,4.07916287534122
230,"Diversion Dam",0,0.0709736123748863,0,0,4,4.07097361237489
5,"Diversion Dam",0,0.0700636942675159,0,0,4,4.07006369426752
200,"Diversion Dam",0,0.0664240218380345,0,0,4,4.06642402183803
210,"Diversion Dam",0,0.0473157415832575,0,0,4,4.04731574158326
171,"Diversion Dam",0,0.0454959053685169,0,0,4,4.04549590536852
174,"Diversion Dam",0,0.0409463148316651,0,0,4,4.04094631483166
176,"Diversion Dam",0,0.0373066424021838,0,0,4,4.03730664240218
411,"Diversion Dam",0,0.0227479526842584,0,0,4,4.02274795268426
121,"Diversion Dam",0,0.878980891719745,1,1,1,3.87898089171975
120,"Diversion Dam",0,0.878070973612375,1,1,1,3.87807097361237
157,"Diversion Dam",0,0.727024567788899,1,1,1,3.7270245677889
894,"Grade Control Structure",0,0.726114649681529,1,1,1,3.72611464968153
503,"Diversion Dam",0,0.666969972702457,1,1,1,3.66696997270246
428,"Diversion Dam",0,0.597816196542311,1,1,1,3.59781619654231
992,"Grade Control Structure",0,0.524112829845314,1,1,1,3.52411282984531
892,"Grade Control Structure",0,0.37852593266606,1,1,1,3.37852593266606
463,"Diversion Dam",0,0.355777979981802,1,1,1,3.3557779799818
422,"Diversion Dam",0,0.354868061874431,1,1,1,3.35486806187443
375,"Diversion Dam",0,0.173794358507734,1,1,1,3.17379435850773
155,"Diversion Dam",0,0.144676979071883,1,1,1,3.14467697907188
235,"Diversion Dam",0,0.118289353958144,1,1,1,3.11828935395814
673,"Diversion Dam",0,0.089171974522293,1,1,1,3.08917197452229
674,"Diversion Dam",0,0.0882620564149227,1,1,1,3.08826205641492
355,"Diversion Dam",0,0.0254777070063694,1,1,1,3.02547770700637
353,"Diversion Dam",0,0.0236578707916287,1,1,1,3.02365787079163
955,"Grade Control Structure",0,0.0200181983621474,1,1,1,3.02001819836215
770,"Grade Control Structure",0,1,0,1,1,3
771,"Grade Control Structure",0,0.99909008189263,0,1,1,2.99909008189263
772,"Grade Control Structure",0,0.998180163785259,0,1,1,2.99818016378526
773,"Grade Control Structure",0,0.997270245677889,0,1,1,2.99727024567789
774,"Grade Control Structure",0,0.996360327570519,0,1,1,2.99636032757052
38,"Diversion Dam",0,0.995450409463148,0,1,1,2.99545040946315
785,"Grade Control Structure",0,0.953594176524113,1,0,1,2.95359417652411
786,"Grade Control Structure",0,0.951774340309372,1,0,1,2.95177434030937
787,"Grade Control Structure",0,0.950864422202002,1,0,1,2.950864422202
756,"Grade Control Structure",0,0.908098271155596,0,1,1,2.9080982711556
811,"Grade Control Structure",0,0.876251137397634,0,1,1,2.87625113739763
808,"Grade Control Structure",0,0.870791628753412,0,1,1,2.87079162875341
809,"Grade Control Structure",0,0.869881710646042,0,1,1,2.86988171064604
103,"Diversion Dam",0,0.841674249317561,0,1,1,2.84167424931756
823,"Grade Control Structure",0,0.830755232029117,0,1,1,2.83075523202912
824,"Grade Control Structure",0,0.828025477707006,0,1,1,2.82802547770701
822,"Grade Control Structure",0,0.827115559599636,0,1,1,2.82711555959964
825,"Grade Control Structure",0,0.825295723384895,0,1,1,2.8252957233849
826,"Grade Control Structure",0,0.824385805277525,0,1,1,2.82438580527753
827,"Grade Control Structure",0,0.823475887170155,0,1,1,2.82347588717015
828,"Grade Control Structure",0,0.822565969062784,0,1,1,2.82256596906278
829,"Grade Control Structure",0,0.821656050955414,0,1,1,2.82165605095541
830,"Grade Control Structure",0,0.819836214740673,0,1,1,2.81983621474067
552,"Diversion Dam",0,0.740673339399454,1,0,1,2.74067333939945
158,"Diversion Dam",0,0.733393994540491,1,0,1,2.73339399454049
896,"Grade Control Structure",0,0.72884440400364,1,0,1,2.72884440400364
161,"Diversion Dam",0,0.722474977252047,0,1,1,2.72247497725205
344,"Diversion Dam",0,0.711555959963603,0,1,1,2.7115559599636
548,"Diversion Dam",0,0.695177434030937,0,1,1,2.69517743403094
547,"Diversion Dam",0,0.693357597816197,0,1,1,2.6933575978162
708,"Diversion Dam",0,0.691537761601456,0,1,1,2.69153776160146
709,"Diversion Dam",0,0.690627843494086,0,1,1,2.69062784349409
546,"Diversion Dam",0,0.687898089171975,0,1,1,2.68789808917197
710,"Diversion Dam",0,0.671519563239309,0,1,1,2.67151956323931
520,"Diversion Dam",0,0.665150136487716,0,1,1,2.66515013648772
504,"Diversion Dam",0,0.661510464058235,0,1,1,2.66151046405823
505,"Diversion Dam",0,0.658780709736124,0,1,1,2.65878070973612
519,"Diversion Dam",0,0.657870791628753,0,1,1,2.65787079162875
981,"Grade Control Structure",0,0.656050955414013,0,1,1,2.65605095541401
983,"Grade Control Structure",0,0.654231119199272,0,1,1,2.65423111919927
507,"Diversion Dam",0,0.653321201091902,0,1,1,2.6533212010919
479,"Diversion Dam",0,0.651501364877161,0,1,1,2.65150136487716
486,"Diversion Dam",0,0.650591446769791,0,1,1,2.65059144676979
980,"Grade Control Structure",0,0.64968152866242,0,1,1,2.64968152866242
484,"Diversion Dam",0,0.64877161055505,0,1,1,2.64877161055505
477,"Diversion Dam",0,0.64786169244768,1,0,1,2.64786169244768
485,"Diversion Dam",0,0.646951774340309,0,1,1,2.64695177434031
521,"Diversion Dam",0,0.646041856232939,0,1,1,2.64604185623294
508,"Diversion Dam",0,0.643312101910828,0,1,1,2.64331210191083
518,"Diversion Dam",0,0.642402183803458,0,1,1,2.64240218380346
478,"Diversion Dam",0,0.641492265696087,1,1,0,2.64149226569609
502,"Diversion Dam",0,0.638762511373976,0,1,1,2.63876251137398
493,"Diversion Dam",0,0.626933575978162,0,1,1,2.62693357597816
516,"Diversion Dam",0,0.626023657870792,0,1,1,2.62602365787079
984,"Grade Control Structure",0,0.625113739763421,0,1,1,2.62511373976342
753,"Diversion Dam",0,0.624203821656051,0,1,1,2.62420382165605
515,"Diversion Dam",0,0.623293903548681,0,1,1,2.62329390354868
522,"Diversion Dam",0,0.62056414922657,0,1,1,2.62056414922657
514,"Diversion Dam",0,0.619654231119199,0,1,1,2.6196542311192
496,"Diversion Dam",0,0.618744313011829,0,1,1,2.61874431301183
509,"Diversion Dam",0,0.611464968152866,1,1,0,2.61146496815287
513,"Diversion Dam",0,0.610555050045496,0,1,1,2.6105550500455
982,"Grade Control Structure",0,0.607825295723385,0,1,1,2.60782529572338
510,"Diversion Dam",0,0.606915377616015,0,1,1,2.60691537761601
449,"Diversion Dam",0,0.604185623293904,0,1,1,2.6041856232939
347,"Diversion Dam",0,0.601455868971793,1,0,1,2.60145586897179
973,"Grade Control Structure",0,0.600545950864422,0,1,1,2.60054595086442
974,"Grade Control Structure",0,0.598726114649682,0,1,1,2.59872611464968
348,"Diversion Dam",0,0.59417652411283,1,0,1,2.59417652411283
711,"Diversion Dam",0,0.579617834394904,0,1,1,2.5796178343949
430,"Diversion Dam",0,0.577797998180164,0,1,1,2.57779799818016
447,"Diversion Dam",0,0.575978161965423,0,1,1,2.57597816196542
446,"Diversion Dam",0,0.571428571428571,0,1,1,2.57142857142857
432,"Diversion Dam",0,0.552320291173794,0,1,1,2.55232029117379
386,"Diversion Dam",0,0.550500454959054,0,1,1,2.55050045495905
387,"Diversion Dam",0,0.548680618744313,0,1,1,2.54868061874431
433,"Diversion Dam",0,0.545950864422202,0,1,1,2.5459508644222
434,"Diversion Dam",0,0.545040946314832,0,1,1,2.54504094631483
437,"Diversion Dam",0,0.54049135577798,0,1,1,2.54049135577798
435,"Diversion Dam",0,0.535941765241128,0,1,1,2.53594176524113
750,"Diversion Dam",0,0.506824385805277,0,1,1,2.50682438580528
749,"Diversion Dam",0,0.504094631483166,0,1,1,2.50409463148317
748,"Diversion Dam",0,0.501364877161055,0,1,1,2.50136487716106
747,"Diversion Dam",0,0.499545040946315,0,1,1,2.49954504094631
744,"Diversion Dam",0,0.495905368516834,0,1,1,2.49590536851683
746,"Diversion Dam",0,0.494085532302093,0,1,1,2.49408553230209
501,"Diversion Dam",0,0.489535941765241,0,1,1,2.48953594176524
743,"Diversion Dam",0,0.482256596906278,0,1,1,2.48225659690628
742,"Diversion Dam",0,0.478616924476797,0,1,1,2.4786169244768
745,"Diversion Dam",0,0.46041856232939,0,1,1,2.46041856232939
537,"Diversion Dam",0,0.454959053685168,0,1,1,2.45495905368517
439,"Diversion Dam",0,0.450409463148317,0,1,1,2.45040946314832
399,"Diversion Dam",0,0.446769790718835,0,1,1,2.44676979071884
393,"Diversion Dam",0,0.443130118289354,0,1,1,2.44313011828935
394,"Diversion Dam",0,0.441310282074613,0,1,1,2.44131028207461
395,"Diversion Dam",0,0.439490445859873,0,1,1,2.43949044585987
398,"Diversion Dam",0,0.435850773430391,0,1,1,2.43585077343039
396,"Diversion Dam",0,0.434940855323021,0,1,1,2.43494085532302
397,"Diversion Dam",0,0.434030937215651,0,1,1,2.43403093721565
440,"Diversion Dam",0,0.430391264786169,0,1,1,2.43039126478617
459,"Diversion Dam",0,0.404003639672429,1,0,1,2.40400363967243
256,"Diversion Dam",0,0.396724294813467,0,1,1,2.39672429481347
257,"Diversion Dam",0,0.386715195632393,0,1,1,2.38671519563239
609,"Diversion Dam",0,0.369426751592357,0,1,1,2.36942675159236
608,"Diversion Dam",0,0.368516833484986,0,1,1,2.36851683348499
610,"Diversion Dam",0,0.363967242948135,0,1,1,2.36396724294813
462,"Diversion Dam",0,0.333030027297543,1,0,1,2.33303002729754
392,"Diversion Dam",0,0.328480436760691,1,0,1,2.32848043676069
441,"Diversion Dam",0,0.32302092811647,0,1,1,2.32302092811647
612,"Diversion Dam",0,0.315741583257507,0,1,1,2.31574158325751
561,"Diversion Dam",0,0.306642402183803,0,1,1,2.3066424021838
618,"Diversion Dam",0,0.303002729754322,1,1,0,2.30300272975432
592,"Diversion Dam",0,0.299363057324841,1,0,1,2.29936305732484
571,"Diversion Dam",0,0.246587807097361,0,1,1,2.24658780709736
654,"Diversion Dam",0,0.240218380345769,0,1,1,2.24021838034577
420,"Diversion Dam",0,0.229299363057325,0,1,1,2.22929936305732
572,"Diversion Dam",0,0.222929936305732,0,1,1,2.22292993630573
958,"Grade Control Structure",0,0.21747042766151,0,1,1,2.21747042766151
419,"Diversion Dam",0,0.191992720655141,0,1,1,2.19199272065514
373,"Diversion Dam",0,0.187443130118289,0,1,1,2.18744313011829
237,"Diversion Dam",0,0.185623293903549,0,1,1,2.18562329390355
238,"Diversion Dam",0,0.182893539581438,0,1,1,2.18289353958144
418,"Diversion Dam",0,0.175614194722475,0,1,1,2.17561419472247
374,"Diversion Dam",0,0.174704276615105,0,1,1,2.1747042766151
417,"Diversion Dam",0,0.170154686078253,0,1,1,2.17015468607825
940,"Grade Control Structure",0,0.16105550500455,0,1,1,2.16105550500455
655,"Diversion Dam",0,0.160145586897179,0,1,1,2.16014558689718
376,"Diversion Dam",0,0.153776160145587,0,1,1,2.15377616014559
656,"Diversion Dam",0,0.148316651501365,0,1,1,2.14831665150136
363,"Diversion Dam",0,0.142857142857143,0,1,1,2.14285714285714
657,"Diversion Dam",0,0.139217470427662,0,1,1,2.13921747042766
662,"Diversion Dam",0,0.138307552320291,0,1,1,2.13830755232029
659,"Diversion Dam",0,0.137397634212921,0,1,1,2.13739763421292
664,"Diversion Dam",0,0.136487716105551,0,1,1,2.13648771610555
660,"Diversion Dam",0,0.13557779799818,0,1,1,2.13557779799818
997,"Grade Control Structure",0,0.13466787989081,0,1,1,2.13466787989081
998,"Grade Control Structure",0,0.132848043676069,0,1,1,2.13284804367607
661,"Diversion Dam",0,0.131938125568699,0,1,1,2.1319381255687
665,"Diversion Dam",0,0.130118289353958,0,1,1,2.13011828935396
415,"Diversion Dam",0,0.127388535031847,0,1,1,2.12738853503185
362,"Diversion Dam",0,0.126478616924477,0,1,1,2.12647861692448
236,"Diversion Dam",0,0.121929026387625,1,1,0,2.12192902638763
221,"Diversion Dam",0,0.121019108280255,0,1,1,2.12101910828025
667,"Diversion Dam",0,0.115559599636033,0,1,1,2.11555959963603
361,"Diversion Dam",0,0.113739763421292,0,1,1,2.11373976342129
670,"Diversion Dam",0,0.111919927206551,0,1,1,2.11191992720655
671,"Diversion Dam",0,0.111010009099181,0,1,1,2.11101000909918
669,"Diversion Dam",0,0.110100090991811,0,1,1,2.11010009099181
672,"Diversion Dam",0,0.10919017288444,0,1,1,2.10919017288444
668,"Diversion Dam",0,0.104640582347589,0,1,1,2.10464058234759
681,"Diversion Dam",0,0.097361237488626,0,1,1,2.09736123748863
683,"Diversion Dam",0,0.0900818926296634,0,1,1,2.09008189262966
406,"Diversion Dam",0,0.0855323020928116,0,1,1,2.08553230209281
675,"Diversion Dam",0,0.0809827115559599,1,1,0,2.08098271155596
965,"Grade Control Structure",0,0.0627843494085533,0,1,1,2.06278434940855
360,"Diversion Dam",0,0.0600545950864422,0,1,1,2.06005459508644
407,"Diversion Dam",0,0.0591446769790719,0,1,1,2.05914467697907
359,"Diversion Dam",0,0.0582347588717016,0,1,1,2.0582347588717
232,"Diversion Dam",0,0.0555050045495905,0,1,1,2.05550500454959
966,"Grade Control Structure",0,0.0536851683348498,0,1,1,2.05368516833485
358,"Diversion Dam",0,0.0518653321201092,0,1,1,2.05186533212011
578,"Diversion Dam",0,0.0509554140127388,1,0,1,2.05095541401274
408,"Diversion Dam",0,0.0500454959053686,0,1,1,2.05004549590537
409,"Diversion Dam",0,0.0436760691537762,0,1,1,2.04367606915378
967,"Grade Control Structure",0,0.0391264786169245,0,1,1,2.03912647861692
968,"Grade Control Structure",0,0.0382165605095541,0,1,1,2.03821656050955
410,"Diversion Dam",0,0.0354868061874432,0,1,1,2.03548680618744
356,"Diversion Dam",0,0.0300272975432211,0,1,1,2.03002729754322
939,"Grade Control Structure",0,0.0209281164695178,0,1,1,2.02092811646952
954,"Grade Control Structure",0,0.0172884440400364,0,1,1,2.01728844404004
351,"Diversion Dam",0,0.0145586897179254,0,1,1,2.01455868971793
352,"Diversion Dam",0,0.013648771610555,0,1,1,2.01364877161055
350,"Diversion Dam",0,0.0127388535031847,0,1,1,2.01273885350318
938,"Grade Control Structure",0,0.0118289353958144,0,1,1,2.01182893539581
937,"Grade Control Structure",0,0.0100090991810737,0,1,1,2.01000909918107
936,"Grade Control Structure",0,0.00909918107370333,0,1,1,2.0090991810737
231,"Diversion Dam",0,0.00818926296633304,0,1,1,2.00818926296633
595,"Diversion Dam",0,0.000909918107370289,0,1,1,2.00090991810737
1,"Diversion Dam",0,0.994540491355778,0,0,1,1.99454049135578
769,"Grade Control Structure",0,0.993630573248408,0,0,1,1.99363057324841
768,"Grade Control Structure",0,0.992720655141037,0,0,1,1.99272065514104
775,"Grade Control Structure",0,0.991810737033667,0,0,1,1.99181073703367
776,"Grade Control Structure",0,0.990900818926297,0,0,1,1.9909008189263
767,"Grade Control Structure",0,0.989990900818926,0,0,1,1.98999090081893
766,"Grade Control Structure",0,0.989080982711556,0,0,1,1.98908098271156
765,"Grade Control Structure",0,0.988171064604186,0,0,1,1.98817106460419
764,"Grade Control Structure",0,0.987261146496815,0,0,1,1.98726114649682
778,"Grade Control Structure",0,0.984531392174704,0,0,1,1.9845313921747
857,"Grade Control Structure",0,0.983621474067334,0,0,1,1.98362147406733
858,"Grade Control Structure",0,0.982711555959964,0,0,1,1.98271155595996
860,"Grade Control Structure",0,0.981801637852593,0,0,1,1.98180163785259
856,"Grade Control Structure",0,0.980891719745223,0,0,1,1.98089171974522
859,"Grade Control Structure",0,0.979981801637853,0,0,1,1.97998180163785
763,"Grade Control Structure",0,0.978161965423112,0,0,1,1.97816196542311
861,"Grade Control Structure",0,0.976342129208371,0,0,1,1.97634212920837
855,"Grade Control Structure",0,0.97361237488626,0,0,1,1.97361237488626
854,"Grade Control Structure",0,0.97270245677889,0,0,1,1.97270245677889
853,"Grade Control Structure",0,0.97179253867152,0,0,1,1.97179253867152
780,"Grade Control Structure",0,0.970882620564149,0,0,1,1.97088262056415
130,"Diversion Dam",0,0.969062784349409,0,0,1,1.96906278434941
762,"Grade Control Structure",0,0.968152866242038,0,0,1,1.96815286624204
782,"Grade Control Structure",0,0.965423111919927,0,0,1,1.96542311191993
880,"Grade Control Structure",0,0.964513193812557,0,0,1,1.96451319381256
863,"Grade Control Structure",0,0.963603275705187,0,0,1,1.96360327570519
864,"Grade Control Structure",0,0.961783439490446,0,0,1,1.96178343949045
783,"Grade Control Structure",0,0.960873521383075,0,0,1,1.96087352138308
760,"Grade Control Structure",0,0.959963603275705,0,0,1,1.95996360327571
865,"Grade Control Structure",0,0.959053685168335,0,0,1,1.95905368516833
866,"Grade Control Structure",0,0.954504094631483,0,0,1,1.95450409463148
759,"Grade Control Structure",0,0.949044585987261,0,0,1,1.94904458598726
788,"Grade Control Structure",0,0.948134667879891,0,0,1,1.94813466787989
789,"Grade Control Structure",0,0.944494995450409,0,0,1,1.94449499545041
883,"Grade Control Structure",0,0.935395814376706,0,0,1,1.93539581437671
138,"Diversion Dam",0,0.934485896269336,0,0,1,1.93448589626934
758,"Grade Control Structure",0,0.933575978161965,0,0,1,1.93357597816197
870,"Grade Control Structure",0,0.932666060054595,0,0,1,1.9326660600546
871,"Grade Control Structure",0,0.931756141947225,0,0,1,1.93175614194722
884,"Grade Control Structure",0,0.921747042766151,0,0,1,1.92174704276615
888,"Grade Control Structure",0,0.914467697907188,0,0,1,1.91446769790719
757,"Grade Control Structure",0,0.910828025477707,0,0,1,1.91082802547771
836,"Grade Control Structure",0,0.901728844404004,0,0,1,1.901728844404
111,"Diversion Dam",0,0.899909008189263,0,0,1,1.89990900818926
112,"Diversion Dam",0,0.898089171974522,0,0,1,1.89808917197452
834,"Grade Control Structure",0,0.897179253867152,0,0,1,1.89717925386715
841,"Grade Control Structure",0,0.894449499545041,0,0,1,1.89444949954504
840,"Grade Control Structure",0,0.893539581437671,0,0,1,1.89353958143767
839,"Grade Control Structure",0,0.8926296633303,0,0,1,1.8926296633303
117,"Diversion Dam",0,0.89171974522293,0,0,1,1.89171974522293
116,"Diversion Dam",0,0.89080982711556,0,0,1,1.89080982711556
837,"Grade Control Structure",0,0.889899909008189,0,0,1,1.88989990900819
838,"Grade Control Structure",0,0.888989990900819,0,0,1,1.88898999090082
118,"Diversion Dam",0,0.888080072793449,0,0,1,1.88808007279345
842,"Grade Control Structure",0,0.887170154686078,0,0,1,1.88717015468608
108,"Diversion Dam",0,0.883530482256597,0,0,1,1.8835304822566
32,"Diversion Dam",0,0.881710646041856,0,0,1,1.88171064604186
815,"Grade Control Structure",0,0.868971792538672,0,0,1,1.86897179253867
814,"Grade Control Structure",0,0.868061874431301,0,0,1,1.8680618744313
813,"Grade Control Structure",0,0.867151956323931,0,0,1,1.86715195632393
91,"Diversion Dam",0,0.861692447679709,0,0,1,1.86169244767971
92,"Diversion Dam",0,0.860782529572338,0,0,1,1.86078252957234
93,"Diversion Dam",0,0.859872611464968,0,0,1,1.85987261146497
878,"Grade Control Structure",0,0.856232939035487,0,0,1,1.85623293903549
95,"Diversion Dam",0,0.854413102820746,0,0,1,1.85441310282075
96,"Diversion Dam",0,0.852593266606005,0,0,1,1.85259326660601
97,"Diversion Dam",0,0.851683348498635,0,0,1,1.85168334849864
99,"Diversion Dam",0,0.847133757961783,0,0,1,1.84713375796178
847,"Grade Control Structure",0,0.83712465878071,0,0,1,1.83712465878071
849,"Grade Control Structure",0,0.833484986351228,0,0,1,1.83348498635123
850,"Grade Control Structure",0,0.832575068243858,0,0,1,1.83257506824386
851,"Grade Control Structure",0,0.831665150136488,0,0,1,1.83166515013649
852,"Grade Control Structure",0,0.828935395814377,0,0,1,1.82893539581438
906,"Grade Control Structure",0,0.799818016378526,0,0,1,1.79981801637853
184,"Diversion Dam",0,0.798908098271156,0,0,1,1.79890809827116
904,"Grade Control Structure",0,0.796178343949045,0,0,1,1.79617834394904
903,"Grade Control Structure",0,0.792538671519563,0,0,1,1.79253867151956
805,"Grade Control Structure",0,0.788898999090082,0,0,1,1.78889899909008
807,"Grade Control Structure",0,0.787079162875341,0,0,1,1.78707916287534
71,"Diversion Dam",0,0.7852593266606,0,0,1,1.7852593266606
178,"Diversion Dam",0,0.779799818016379,0,0,1,1.77979981801638
73,"Diversion Dam",0,0.778889899909008,0,0,1,1.77888989990901
798,"Grade Control Structure",0,0.761601455868972,0,0,1,1.76160145586897
804,"Grade Control Structure",0,0.75796178343949,0,0,1,1.75796178343949
802,"Grade Control Structure",0,0.75614194722475,0,0,1,1.75614194722475
25,"Diversion Dam",0,0.754322111010009,0,0,1,1.75432211101001
51,"Diversion Dam",0,0.747042766151046,0,0,1,1.74704276615105
799,"Grade Control Structure",0,0.746132848043676,0,0,1,1.74613284804368
551,"Diversion Dam",0,0.737943585077343,0,0,1,1.73794358507734
550,"Diversion Dam",0,0.734303912647862,0,0,1,1.73430391264786
898,"Grade Control Structure",0,0.732484076433121,0,0,1,1.73248407643312
549,"Diversion Dam",0,0.731574158325751,0,0,1,1.73157415832575
972,"Grade Control Structure",0,0.717925386715196,0,0,1,1.7179253867152
21,"Diversion Dam",0,0.715195632393085,0,0,1,1.71519563239308
979,"Grade Control Structure",0,0.713375796178344,0,0,1,1.71337579617834
475,"Diversion Dam",0,0.709736123748863,0,0,1,1.70973612374886
476,"Diversion Dam",0,0.708826205641492,0,0,1,1.70882620564149
66,"Diversion Dam",0,0.707006369426752,0,0,1,1.70700636942675
473,"Diversion Dam",0,0.706096451319381,0,0,1,1.70609645131938
978,"Grade Control Structure",0,0.705186533212011,0,0,1,1.70518653321201
472,"Diversion Dam",0,0.70336669699727,0,0,1,1.70336669699727
471,"Diversion Dam",0,0.700636942675159,0,0,1,1.70063694267516
474,"Diversion Dam",0,0.699727024567789,0,0,1,1.69972702456779
470,"Diversion Dam",0,0.698817106460419,0,0,1,1.69881710646042
444,"Diversion Dam",0,0.697907188353048,0,1,0,1.69790718835305
692,"Diversion Dam",0,0.696087352138308,0,0,1,1.69608735213831
187,"Diversion Dam",0,0.692447679708826,0,0,1,1.69244767970883
694,"Diversion Dam",0,0.686988171064604,0,0,1,1.6869881710646
695,"Diversion Dam",0,0.685168334849864,0,0,1,1.68516833484986
696,"Diversion Dam",0,0.684258416742493,0,0,1,1.68425841674249
445,"Diversion Dam",0,0.683348498635123,0,1,0,1.68334849863512
697,"Diversion Dam",0,0.681528662420382,0,0,1,1.68152866242038
469,"Diversion Dam",0,0.679708826205641,0,0,1,1.67970882620564
699,"Diversion Dam",0,0.67697907188353,0,0,1,1.67697907188353
423,"Diversion Dam",0,0.674249317561419,0,0,1,1.67424931756142
345,"Diversion Dam",0,0.673339399454049,0,0,1,1.67333939945405
482,"Diversion Dam",0,0.667879890809827,0,1,0,1.66787989080983
481,"Diversion Dam",0,0.666060054595086,0,1,0,1.66606005459509
480,"Diversion Dam",0,0.662420382165605,0,1,0,1.66242038216561
483,"Diversion Dam",0,0.659690627843494,0,1,0,1.65969062784349
506,"Diversion Dam",0,0.656960873521383,0,1,0,1.65696087352138
487,"Diversion Dam",0,0.637852593266606,0,0,1,1.63785259326661
517,"Diversion Dam",0,0.636942675159236,0,1,0,1.63694267515924
488,"Diversion Dam",0,0.636032757051865,0,0,1,1.63603275705187
494,"Diversion Dam",0,0.635122838944495,0,1,0,1.63512283894449
495,"Diversion Dam",0,0.634212920837125,0,1,0,1.63421292083712
489,"Diversion Dam",0,0.633303002729754,0,0,1,1.63330300272975
490,"Diversion Dam",0,0.632393084622384,0,0,1,1.63239308462238
491,"Diversion Dam",0,0.630573248407643,0,0,1,1.63057324840764
492,"Diversion Dam",0,0.628753412192903,0,0,1,1.6287534121929
716,"Diversion Dam",0,0.614194722474977,0,0,1,1.61419472247498
451,"Diversion Dam",0,0.612374886260237,0,1,0,1.61237488626024
511,"Diversion Dam",0,0.606005459508644,0,1,0,1.60600545950864
512,"Diversion Dam",0,0.605095541401274,0,1,0,1.60509554140127
706,"Diversion Dam",0,0.603275705186533,0,0,1,1.60327570518653
913,"Grade Control Structure",0,0.602365787079163,0,0,1,1.60236578707916
450,"Diversion Dam",0,0.599636032757052,0,1,0,1.59963603275705
152,"Diversion Dam",0,0.596906278434941,0,0,1,1.59690627843494
497,"Diversion Dam",0,0.591446769790719,0,0,1,1.59144676979072
890,"Grade Control Structure",0,0.590536851683348,0,0,1,1.59053685168335
717,"Diversion Dam",0,0.589626933575978,0,0,1,1.58962693357598
467,"Diversion Dam",0,0.585987261146497,0,0,1,1.5859872611465
153,"Diversion Dam",0,0.585077343039127,0,0,1,1.58507734303913
891,"Grade Control Structure",0,0.584167424931756,0,0,1,1.58416742493176
498,"Diversion Dam",0,0.583257506824386,0,0,1,1.58325750682439
499,"Diversion Dam",0,0.581437670609645,0,0,1,1.58143767060965
739,"Diversion Dam",0,0.578707916287534,0,0,1,1.57870791628753
448,"Diversion Dam",0,0.576888080072793,0,1,0,1.57688808007279
977,"Grade Control Structure",0,0.575068243858053,0,0,1,1.57506824385805
976,"Grade Control Structure",0,0.574158325750682,0,0,1,1.57415832575068
707,"Diversion Dam",0,0.570518653321201,0,0,1,1.5705186533212
684,"Diversion Dam",0,0.56687898089172,0,0,1,1.56687898089172
986,"Grade Control Structure",0,0.565969062784349,0,0,1,1.56596906278435
738,"Diversion Dam",0,0.565059144676979,0,0,1,1.56505914467698
465,"Diversion Dam",0,0.564149226569609,0,0,1,1.56414922656961
466,"Diversion Dam",0,0.563239308462238,0,0,1,1.56323930846224
740,"Diversion Dam",0,0.561419472247498,0,0,1,1.5614194722475
531,"Diversion Dam",0,0.560509554140127,0,0,1,1.56050955414013
464,"Diversion Dam",0,0.559599636032757,0,0,1,1.55959963603276
737,"Diversion Dam",0,0.558689717925387,0,0,1,1.55868971792539
1000,"Grade Control Structure",0,0.557779799818016,0,0,1,1.55777979981802
736,"Diversion Dam",0,0.554140127388535,0,0,1,1.55414012738854
536,"Diversion Dam",0,0.546860782529572,0,0,1,1.54686078252957
535,"Diversion Dam",0,0.537761601455869,0,0,1,1.53776160145587
530,"Diversion Dam",0,0.536851683348499,0,0,1,1.5368516833485
538,"Diversion Dam",0,0.531392174704277,0,1,0,1.53139217470428
734,"Diversion Dam",0,0.530482256596906,0,0,1,1.53048225659691
720,"Diversion Dam",0,0.527752502274795,0,0,1,1.5277525022748
715,"Diversion Dam",0,0.525022747952684,0,1,0,1.52502274795268
685,"Diversion Dam",0,0.522292993630573,0,0,1,1.52229299363057
529,"Diversion Dam",0,0.521383075523203,0,0,1,1.5213830755232
721,"Diversion Dam",0,0.520473157415833,0,0,1,1.52047315741583
527,"Diversion Dam",0,0.519563239308462,0,0,1,1.51956323930846
714,"Diversion Dam",0,0.518653321201092,0,1,0,1.51865332120109
732,"Diversion Dam",0,0.517743403093722,0,0,1,1.51774340309372
528,"Diversion Dam",0,0.515923566878981,0,0,1,1.51592356687898
985,"Grade Control Structure",0,0.515013648771611,0,0,1,1.51501364877161
999,"Grade Control Structure",0,0.51319381255687,0,0,1,1.51319381255687
533,"Diversion Dam",0,0.5122838944495,0,0,1,1.5122838944495
722,"Diversion Dam",0,0.505004549590537,0,0,1,1.50500454959054
724,"Diversion Dam",0,0.498635122838945,0,0,1,1.49863512283894
526,"Diversion Dam",0,0.497725204731574,0,0,1,1.49772520473157
988,"Grade Control Structure",0,0.490445859872611,0,0,1,1.49044585987261
725,"Diversion Dam",0,0.48680618744313,0,0,1,1.48680618744313
525,"Diversion Dam",0,0.483166515013649,0,0,1,1.48316651501365
524,"Diversion Dam",0,0.481346678798908,0,0,1,1.48134667879891
523,"Diversion Dam",0,0.480436760691538,0,0,1,1.48043676069154
686,"Diversion Dam",0,0.479526842584167,0,0,1,1.47952684258417
991,"Grade Control Structure",0,0.477707006369427,0,0,1,1.47770700636943
687,"Diversion Dam",0,0.474977252047316,0,0,1,1.47497725204732
990,"Grade Control Structure",0,0.474067333939945,0,0,1,1.47406733393995
691,"Diversion Dam",0,0.473157415832575,0,0,1,1.47315741583258
690,"Diversion Dam",0,0.471337579617834,0,0,1,1.47133757961783
689,"Diversion Dam",0,0.469517743403094,0,0,1,1.46951774340309
729,"Diversion Dam",0,0.468607825295723,0,0,1,1.46860782529572
989,"Grade Control Structure",0,0.467697907188353,0,0,1,1.46769790718835
688,"Diversion Dam",0,0.466787989080983,0,0,1,1.46678798908098
384,"Diversion Dam",0,0.461328480436761,0,0,1,1.46132848043676
542,"Diversion Dam",0,0.45950864422202,0,0,1,1.45950864422202
727,"Diversion Dam",0,0.455868971792539,0,0,1,1.45586897179254
541,"Diversion Dam",0,0.454049135577798,0,0,1,1.4540491355778
383,"Diversion Dam",0,0.452229299363057,0,0,1,1.45222929936306
543,"Diversion Dam",0,0.447679708826206,0,0,1,1.44767970882621
452,"Diversion Dam",0,0.444040036396724,0,0,1,1.44404003639672
381,"Diversion Dam",0,0.43312101910828,0,0,1,1.43312101910828
453,"Diversion Dam",0,0.43221110100091,0,0,1,1.43221110100091
456,"Diversion Dam",0,0.427661510464058,0,0,1,1.42766151046406
457,"Diversion Dam",0,0.426751592356688,0,0,1,1.42675159235669
454,"Diversion Dam",0,0.424931756141947,0,0,1,1.42493175614195
458,"Diversion Dam",0,0.424021838034577,0,0,1,1.42402183803458
249,"Diversion Dam",0,0.422202001819836,0,0,1,1.42220200181984
296,"Diversion Dam",0,0.420382165605096,0,0,1,1.4203821656051
294,"Diversion Dam",0,0.416742493175614,0,0,1,1.41674249317561
273,"Diversion Dam",0,0.414012738853503,0,0,1,1.4140127388535
248,"Diversion Dam",0,0.412192902638763,0,0,1,1.41219290263876
293,"Diversion Dam",0,0.411282984531392,0,0,1,1.41128298453139
291,"Diversion Dam",0,0.410373066424022,0,0,1,1.41037306642402
946,"Grade Control Structure",0,0.409463148316652,0,0,1,1.40946314831665
275,"Diversion Dam",0,0.40673339399454,0,0,1,1.40673339399454
944,"Grade Control Structure",0,0.4049135577798,0,0,1,1.4049135577798
278,"Diversion Dam",0,0.402183803457689,0,0,1,1.40218380345769
276,"Diversion Dam",0,0.401273885350318,0,0,1,1.40127388535032
941,"Grade Control Structure",0,0.400363967242948,0,0,1,1.40036396724295
277,"Diversion Dam",0,0.398544131028208,0,0,1,1.39854413102821
281,"Diversion Dam",0,0.393994540491356,0,0,1,1.39399454049136
286,"Diversion Dam",0,0.393084622383985,0,0,1,1.39308462238399
280,"Diversion Dam",0,0.392174704276615,0,0,1,1.39217470427662
943,"Grade Control Structure",0,0.389444949954504,0,0,1,1.3894449499545
282,"Diversion Dam",0,0.388535031847134,0,0,1,1.38853503184713
266,"Diversion Dam",0,0.380345768880801,0,0,1,1.3803457688808
264,"Diversion Dam",0,0.37943585077343,0,0,1,1.37943585077343
268,"Diversion Dam",0,0.374886260236579,0,0,1,1.37488626023658
267,"Diversion Dam",0,0.373066424021838,0,0,1,1.37306642402184
915,"Grade Control Structure",0,0.371246587807097,0,0,1,1.3712465878071
364,"Diversion Dam",0,0.362147406733394,0,0,1,1.36214740673339
994,"Grade Control Structure",0,0.361237488626024,0,0,1,1.36123748862602
555,"Diversion Dam",0,0.360327570518653,0,0,1,1.36032757051865
556,"Diversion Dam",0,0.358507734303913,0,0,1,1.35850773430391
247,"Diversion Dam",0,0.356687898089172,0,0,1,1.35668789808917
380,"Diversion Dam",0,0.353048225659691,0,0,1,1.35304822565969
328,"Diversion Dam",0,0.35213830755232,0,0,1,1.35213830755232
329,"Diversion Dam",0,0.35122838944495,0,0,1,1.35122838944495
557,"Diversion Dam",0,0.348498635122839,0,0,1,1.34849863512284
331,"Diversion Dam",0,0.345768880800728,0,0,1,1.34576888080073
327,"Diversion Dam",0,0.344858962693358,0,0,1,1.34485896269336
246,"Diversion Dam",0,0.343949044585987,0,0,1,1.34394904458599
325,"Diversion Dam",0,0.338489535941765,0,0,1,1.33848953594177
244,"Diversion Dam",0,0.337579617834395,0,0,1,1.3375796178344
243,"Diversion Dam",0,0.334849863512284,0,0,1,1.33484986351228
461,"Diversion Dam",0,0.333939945404914,0,0,1,1.33393994540491
558,"Diversion Dam",0,0.331210191082803,0,0,1,1.3312101910828
241,"Diversion Dam",0,0.326660600545951,0,0,1,1.32666060054595
594,"Diversion Dam",0,0.325750682438581,1,0,0,1.32575068243858
377,"Diversion Dam",0,0.322111010009099,0,0,1,1.3221110100091
593,"Diversion Dam",0,0.321201091901729,0,0,1,1.32120109190173
195,"Diversion Dam",0,0.319381255686988,0,0,1,1.31938125568699
613,"Diversion Dam",0,0.313921747042766,0,1,0,1.31392174704277
560,"Diversion Dam",0,0.313011828935396,0,0,1,1.3130118289354
562,"Diversion Dam",0,0.312101910828026,0,0,1,1.31210191082803
321,"Diversion Dam",0,0.300272975432211,0,0,1,1.30027297543221
566,"Diversion Dam",0,0.29663330300273,0,0,1,1.29663330300273
365,"Diversion Dam",0,0.293903548680619,0,0,1,1.29390354868062
567,"Diversion Dam",0,0.292993630573248,0,0,1,1.29299363057325
619,"Diversion Dam",0,0.292083712465878,0,0,1,1.29208371246588
752,"Diversion Dam",0,0.287534121929026,0,0,1,1.28753412192903
568,"Diversion Dam",0,0.283894449499545,0,0,1,1.28389444949955
569,"Diversion Dam",0,0.282074613284804,0,0,1,1.2820746132848
366,"Diversion Dam",0,0.280254777070064,0,0,1,1.28025477707006
319,"Diversion Dam",0,0.277525022747953,0,0,1,1.27752502274795
339,"Diversion Dam",0,0.275705186533212,0,0,1,1.27570518653321
570,"Diversion Dam",0,0.274795268425842,0,0,1,1.27479526842584
318,"Diversion Dam",0,0.272975432211101,0,0,1,1.2729754322111
317,"Diversion Dam",0,0.272065514103731,0,0,1,1.27206551410373
337,"Diversion Dam",0,0.27115559599636,0,0,1,1.27115559599636
316,"Diversion Dam",0,0.26933575978162,0,0,1,1.26933575978162
367,"Diversion Dam",0,0.267515923566879,0,0,1,1.26751592356688
335,"Diversion Dam",0,0.265696087352138,0,0,1,1.26569608735214
621,"Diversion Dam",0,0.259326660600546,0,0,1,1.25932666060055
586,"Diversion Dam",0,0.256596906278435,0,0,1,1.25659690627844
368,"Diversion Dam",0,0.252957233848954,0,0,1,1.25295723384895
312,"Diversion Dam",0,0.252047315741583,0,0,1,1.25204731574158
623,"Diversion Dam",0,0.251137397634213,0,0,1,1.25113739763421
639,"Diversion Dam",0,0.247497725204732,0,0,1,1.24749772520473
369,"Diversion Dam",0,0.24385805277525,0,0,1,1.24385805277525
624,"Diversion Dam",0,0.24294813466788,0,0,1,1.24294813466788
643,"Diversion Dam",0,0.241128298453139,0,0,1,1.24112829845314
996,"Grade Control Structure",0,0.237488626023658,0,0,1,1.23748862602366
306,"Diversion Dam",0,0.233848953594177,0,0,1,1.23384895359418
950,"Grade Control Structure",0,0.230209281164695,0,0,1,1.2302092811647
370,"Diversion Dam",0,0.225659690627844,0,0,1,1.22565969062784
371,"Diversion Dam",0,0.224749772520473,0,0,1,1.22474977252047
305,"Diversion Dam",0,0.218380345768881,0,0,1,1.21838034576888
645,"Diversion Dam",0,0.21656050955414,0,0,1,1.21656050955414
959,"Grade Control Structure",0,0.2147406733394,0,0,1,1.2147406733394
403,"Diversion Dam",0,0.213830755232029,0,0,1,1.21383075523203
404,"Diversion Dam",0,0.212920837124659,0,0,1,1.21292083712466
646,"Diversion Dam",0,0.211101000909918,0,0,1,1.21110100090992
648,"Diversion Dam",0,0.210191082802548,0,0,1,1.21019108280255
963,"Grade Control Structure",0,0.209281164695177,0,0,1,1.20928116469518
647,"Diversion Dam",0,0.208371246587807,0,0,1,1.20837124658781
962,"Grade Control Structure",0,0.207461328480437,0,0,1,1.20746132848044
961,"Grade Control Structure",0,0.206551410373066,0,0,1,1.20655141037307
960,"Grade Control Structure",0,0.205641492265696,0,0,1,1.2056414922657
916,"Grade Control Structure",0,0.204731574158326,0,0,1,1.20473157415833
964,"Grade Control Structure",0,0.202001819836215,0,0,1,1.20200181983621
405,"Diversion Dam",0,0.200181983621474,0,0,1,1.20018198362147
925,"Grade Control Structure",0,0.198362147406733,0,0,1,1.19836214740673
926,"Grade Control Structure",0,0.197452229299363,0,0,1,1.19745222929936
303,"Diversion Dam",0,0.196542311191993,0,0,1,1.19654231119199
302,"Diversion Dam",0,0.195632393084622,0,0,1,1.19563239308462
922,"Grade Control Structure",0,0.192902638762511,0,0,1,1.19290263876251
638,"Diversion Dam",0,0.191082802547771,0,0,1,1.19108280254777
949,"Grade Control Structure",0,0.18835304822566,0,0,1,1.18835304822566
636,"Diversion Dam",0,0.186533212010919,0,0,1,1.18653321201092
635,"Diversion Dam",0,0.184713375796178,0,0,1,1.18471337579618
634,"Diversion Dam",0,0.183803457688808,0,0,1,1.18380345768881
300,"Diversion Dam",0,0.181073703366697,0,0,1,1.1810737033667
626,"Diversion Dam",0,0.180163785259327,0,0,1,1.18016378525933
633,"Diversion Dam",0,0.179253867151956,0,0,1,1.17925386715196
928,"Grade Control Structure",0,0.165605095541401,0,0,1,1.1656050955414
581,"Diversion Dam",0,0.164695177434031,0,0,1,1.16469517743403
917,"Grade Control Structure",0,0.157415832575068,0,0,1,1.15741583257507
921,"Grade Control Structure",0,0.152866242038217,0,0,1,1.15286624203822
957,"Grade Control Structure",0,0.151956323930846,0,0,1,1.15195632393085
930,"Grade Control Structure",0,0.146496815286624,0,0,1,1.14649681528662
215,"Diversion Dam",0,0.141947224749773,0,0,1,1.14194722474977
658,"Diversion Dam",0,0.141037306642402,0,1,0,1.1410373066424
214,"Diversion Dam",0,0.129208371246588,0,0,1,1.12920837124659
213,"Diversion Dam",0,0.128298453139218,0,0,1,1.12829845313922
632,"Diversion Dam",0,0.112829845313922,0,0,1,1.11282984531392
579,"Diversion Dam",0,0.102820746132848,0,0,1,1.10282074613285
933,"Grade Control Structure",0,0.101000909918107,0,0,1,1.10100090991811
682,"Diversion Dam",0,0.100090991810737,0,1,0,1.10009099181074
197,"Diversion Dam",0,0.0982711555959963,0,0,1,1.098271155596
680,"Diversion Dam",0,0.0955414012738853,0,0,1,1.09554140127389
198,"Diversion Dam",0,0.0937215650591446,0,0,1,1.09372156505914
389,"Diversion Dam",0,0.083712465878071,0,0,1,1.08371246587807
390,"Diversion Dam",0,0.0828025477707006,0,0,1,1.0828025477707
602,"Diversion Dam",0,0.0818926296633303,0,0,1,1.08189262966333
629,"Diversion Dam",0,0.0764331210191083,0,0,1,1.07643312101911
934,"Grade Control Structure",0,0.075523202911738,0,0,1,1.07552320291174
953,"Grade Control Structure",0,0.0746132848043676,0,0,1,1.07461328480437
952,"Grade Control Structure",0,0.0737033666969973,0,0,1,1.073703366697
234,"Diversion Dam",0,0.0718835304822566,0,1,0,1.07188353048226
678,"Diversion Dam",0,0.0691537761601456,0,0,1,1.06915377616015
212,"Diversion Dam",0,0.0682438580527752,0,0,1,1.06824385805278
233,"Diversion Dam",0,0.0673339399454049,0,1,0,1.0673339399454
630,"Diversion Dam",0,0.064604185623294,0,0,1,1.06460418562329
631,"Diversion Dam",0,0.0618744313011829,0,0,1,1.06187443130118
211,"Diversion Dam",0,0.0564149226569609,0,0,1,1.05641492265696
201,"Diversion Dam",0,0.0527752502274795,0,0,1,1.05277525022748
202,"Diversion Dam",0,0.0491355777979982,0,0,1,1.049135577798
175,"Diversion Dam",0,0.0482256596906279,0,0,1,1.04822565969063
357,"Diversion Dam",0,0.0445859872611465,0,1,0,1.04458598726115
650,"Diversion Dam",0,0.0427661510464058,0,0,1,1.04276615104641
918,"Grade Control Structure",0,0.0418562329390355,0,0,1,1.04185623293904
599,"Diversion Dam",0,0.0400363967242948,0,0,1,1.04003639672429
203,"Diversion Dam",0,0.0363967242948134,0,0,1,1.03639672429481
204,"Diversion Dam",0,0.0345768880800728,0,0,1,1.03457688808007
209,"Diversion Dam",0,0.0336669699727025,0,0,1,1.0336669699727
969,"Grade Control Structure",0,0.0318471337579618,0,0,1,1.03184713375796
208,"Diversion Dam",0,0.0309372156505915,0,0,1,1.03093721565059
205,"Diversion Dam",0,0.0291173794358508,0,0,1,1.02911737943585
920,"Grade Control Structure",0,0.0282074613284804,0,0,1,1.02820746132848
207,"Diversion Dam",0,0.0272975432211101,0,0,1,1.02729754322111
206,"Diversion Dam",0,0.0263876251137397,0,0,1,1.02638762511374
577,"Diversion Dam",0,0.021838034576888,0,0,1,1.02183803457689
970,"Grade Control Structure",0,0.0191082802547771,0,0,1,1.01910828025478
414,"Diversion Dam",0,0.0181983621474068,0,0,1,1.01819836214741
413,"Diversion Dam",0,0.0163785259326661,0,0,1,1.01637852593267
412,"Diversion Dam",0,0.0154686078252957,0,0,1,1.0154686078253
576,"Diversion Dam",0,0.00636942675159236,0,0,1,1.00636942675159
812,"Grade Control Structure",0,0.873521383075523,0,0,0,0.873521383075523
693,"Diversion Dam",0,0.694267515923567,0,0,0,0.694267515923567
346,"Diversion Dam",0,0.645131938125569,0,0,0,0.645131938125569
735,"Diversion Dam",0,0.543221110100091,0,0,0,0.543221110100091
987,"Grade Control Structure",0,0.528662420382166,0,0,0,0.528662420382166
733,"Diversion Dam",0,0.526842584167425,0,0,0,0.526842584167425
534,"Diversion Dam",0,0.523202911737944,0,0,0,0.523202911737944
723,"Diversion Dam",0,0.503184713375796,0,0,0,0.503184713375796
730,"Diversion Dam",0,0.502274795268426,0,0,0,0.502274795268426
731,"Diversion Dam",0,0.500454959053685,0,0,0,0.500454959053685
540,"Diversion Dam",0,0.484076433121019,0,0,0,0.484076433121019
539,"Diversion Dam",0,0.472247497725205,0,0,0,0.472247497725205
728,"Diversion Dam",0,0.456778889899909,0,0,0,0.456778889899909
382,"Diversion Dam",0,0.437670609645132,0,0,0,0.437670609645132
455,"Diversion Dam",0,0.423111919927207,0,0,0,0.423111919927207
956,"Grade Control Structure",0,0.421292083712466,0,0,0,0.421292083712466
948,"Grade Control Structure",0,0.414922656960873,0,0,0,0.414922656960873
947,"Grade Control Structure",0,0.413102820746133,0,0,0,0.413102820746133
279,"Diversion Dam",0,0.391264786169245,0,0,0,0.391264786169245
284,"Diversion Dam",0,0.390354868061874,0,0,0,0.390354868061874
283,"Diversion Dam",0,0.376706096451319,0,0,0,0.376706096451319
285,"Diversion Dam",0,0.375796178343949,0,0,0,0.375796178343949
287,"Diversion Dam",0,0.372156505914468,0,0,0,0.372156505914468
289,"Diversion Dam",0,0.367606915377616,0,0,0,0.367606915377616
553,"Diversion Dam",0,0.365787079162875,0,0,0,0.365787079162875
554,"Diversion Dam",0,0.363057324840764,0,0,0,0.363057324840764
290,"Diversion Dam",0,0.357597816196542,0,0,0,0.357597816196542
951,"Grade Control Structure",0,0.353958143767061,0,0,0,0.353958143767061
945,"Grade Control Structure",0,0.35031847133758,0,0,0,0.35031847133758
292,"Diversion Dam",0,0.347588717015469,0,0,0,0.347588717015469
607,"Diversion Dam",0,0.343039126478617,0,0,0,0.343039126478617
324,"Diversion Dam",0,0.336669699727025,0,0,0,0.336669699727025
460,"Diversion Dam",0,0.335759781619654,0,0,0,0.335759781619654
651,"Diversion Dam",0,0.330300272975432,0,0,0,0.330300272975432
563,"Diversion Dam",0,0.329390354868062,0,0,0,0.329390354868062
559,"Diversion Dam",0,0.318471337579618,0,0,0,0.318471337579618
378,"Diversion Dam",0,0.317561419472247,0,0,0,0.317561419472247
564,"Diversion Dam",0,0.302092811646952,0,0,0,0.302092811646952
591,"Diversion Dam",0,0.295723384895359,0,0,0,0.295723384895359
606,"Diversion Dam",0,0.294813466787989,0,0,0,0.294813466787989
379,"Diversion Dam",0,0.291173794358508,0,0,0,0.291173794358508
590,"Diversion Dam",0,0.289353958143767,0,0,0,0.289353958143767
589,"Diversion Dam",0,0.288444040036397,0,0,0,0.288444040036397
652,"Diversion Dam",0,0.286624203821656,0,0,0,0.286624203821656
605,"Diversion Dam",0,0.285714285714286,0,0,0,0.285714285714286
620,"Diversion Dam",0,0.284804367606915,0,0,0,0.284804367606915
588,"Diversion Dam",0,0.278434940855323,0,0,0,0.278434940855323
587,"Diversion Dam",0,0.276615104640582,0,0,0,0.276615104640582
640,"Diversion Dam",0,0.264786169244768,0,0,0,0.264786169244768
334,"Diversion Dam",0,0.263876251137398,0,0,0,0.263876251137398
641,"Diversion Dam",0,0.262056414922657,0,0,0,0.262056414922657
622,"Diversion Dam",0,0.257506824385805,0,0,0,0.257506824385805
313,"Diversion Dam",0,0.255686988171065,0,0,0,0.255686988171065
333,"Diversion Dam",0,0.254777070063694,0,0,0,0.254777070063694
585,"Diversion Dam",0,0.253867151956324,0,0,0,0.253867151956324
653,"Diversion Dam",0,0.239308462238399,0,0,0,0.239308462238399
584,"Diversion Dam",0,0.238398544131028,0,0,0,0.238398544131028
388,"Diversion Dam",0,0.235668789808917,0,0,0,0.235668789808917
583,"Diversion Dam",0,0.231119199272065,0,0,0,0.231119199272065
625,"Diversion Dam",0,0.222020018198362,0,0,0,0.222020018198362
627,"Diversion Dam",0,0.176524112829845,0,0,0,0.176524112829845
299,"Diversion Dam",0,0.172884440400364,0,0,0,0.172884440400364
995,"Grade Control Structure",0,0.169244767970883,0,0,0,0.169244767970883
604,"Diversion Dam",0,0.16196542311192,0,0,0,0.16196542311192
603,"Diversion Dam",0,0.159235668789809,0,0,0,0.159235668789809
580,"Diversion Dam",0,0.119199272065514,0,0,0,0.119199272065514
601,"Diversion Dam",0,0.117379435850773,0,0,0,0.117379435850773
391,"Diversion Dam",0,0.0873521383075523,0,0,0,0.0873521383075523
229,"Diversion Dam",0,0.0773430391264787,0,0,0,0.0773430391264787
679,"Diversion Dam",0,0.0727934485896269,0,0,0,0.0727934485896269
677,"Diversion Dam",0,0.0655141037306642,0,0,0,0.0655141037306642
676,"Diversion Dam",0,0.0636942675159236,0,0,0,0.0636942675159236
600,"Diversion Dam",0,0.0573248407643312,0,0,0,0.0573248407643312
342,"Diversion Dam",0,0.0545950864422202,0,0,0,0.0545950864422202
919,"Grade Control Structure",0,0.0327570518653321,0,0,0,0.0327570518653321
598,"Diversion Dam",0,0.00545950864422207,0,0,0,0.00545950864422207
597,"Diversion Dam",0,0.00454959053685167,0,0,0,0.00454959053685167
596,"Diversion Dam",0,0.00363967242948138,0,0,0,0.00363967242948138
575,"Diversion Dam",0,0.00272975432211098,0,0,0,0.00272975432211098
573,"Diversion Dam",0,0.00181983621474069,0,0,0,0.00181983621474069
574,"Diversion Dam",0,0,0,0,0,0
614,"Diversion Dam",0,0.311191992720655,0,1,NA,NA
615,"Diversion Dam",0,0.309372156505914,0,1,NA,NA
616,"Diversion Dam",0,0.308462238398544,1,1,NA,NA
617,"Diversion Dam",0,0.307552320291174,1,1,NA,NA
800,"Grade Control Structure",0,0.750682438580528,0,0,NA,NA
801,"Grade Control Structure",0,0.751592356687898,0,0,NA,NA
818,"Grade Control Structure",0,0.843494085532302,0,1,NA,NA
819,"Grade Control Structure",0,0.844404003639672,0,1,NA,NA
820,"Grade Control Structure",0,0.839854413102821,0,1,NA,NA
821,"Grade Control Structure",0,0.83894449499545,0,1,NA,NA
875,"Grade Control Structure",0,0.91992720655141,0,1,NA,NA
876,"Grade Control Structure",0,0.91810737033667,0,1,NA,NA
877,"Grade Control Structure",0,0.913557779799818,0,1,NA,NA
